177.600682,0.9999,0.0002,0.0030,0.0031
177.611644,0.9999,-0.0035,0.0048,0.0051
177.621936,0.9999,-0.0072,0.0064,0.0069
177.631072,0.9998,-0.0108,0.0079,0.0083
177.641641,0.9998,-0.0145,0.0092,0.0093
177.650566,0.9997,-0.0180,0.0104,0.0101
177.661172,0.9996,-0.0215,0.0115,0.0107
177.671795,0.9995,-0.0248,0.0128,0.0111
177.680757,0.9994,-0.0280,0.0139,0.0115
177.691387,0.9993,-0.0312,0.0149,0.0117
177.700348,0.9992,-0.0343,0.0160,0.0120
177.710994,0.9990,-0.0374,0.0169,0.0121
177.721620,0.9989,-0.0406,0.0176,0.0121
177.730580,0.9988,-0.0438,0.0182,0.0120
177.741220,0.9986,-0.0469,0.0188,0.0117
177.750201,0.9985,-0.0499,0.0195,0.0114
177.760849,0.9983,-0.0526,0.0204,0.0113
177.771454,0.9982,-0.0552,0.0214,0.0114
177.780396,0.9980,-0.0578,0.0225,0.0115
177.791040,0.9978,-0.0604,0.0236,0.0116
177.799994,0.9976,-0.0632,0.0246,0.0115
177.810629,0.9974,-0.0663,0.0256,0.0113
177.821276,0.9971,-0.0696,0.0263,0.0110
177.830230,0.9969,-0.0732,0.0271,0.0107
177.840867,0.9966,-0.0768,0.0278,0.0104
177.849854,0.9963,-0.0805,0.0284,0.0098
177.860450,0.9960,-0.0841,0.0289,0.0091
177.871050,0.9957,-0.0874,0.0295,0.0084
177.879984,0.9954,-0.0906,0.0300,0.0078
177.890672,0.9951,-0.0936,0.0305,0.0071
177.899688,0.9948,-0.0965,0.0309,0.0065
177.910366,0.9945,-0.0995,0.0312,0.0059
177.921046,0.9941,-0.1028,0.0314,0.0051
177.930033,0.9938,-0.1064,0.0317,0.0046
177.940718,0.9933,-0.1103,0.0320,0.0042
177.949739,0.9929,-0.1145,0.0322,0.0038
177.959908,0.9924,-0.1187,0.0323,0.0036
177.970090,0.9919,-0.1228,0.0324,0.0033
177.980260,0.9914,-0.1267,0.0321,0.0029
177.990446,0.9909,-0.1306,0.0315,0.0024
178.000621,0.9904,-0.1345,0.0308,0.0020
178.010864,0.9899,-0.1379,0.0305,0.0020
178.019413,0.9894,-0.1415,0.0304,0.0021
178.029616,0.9890,-0.1451,0.0303,0.0021
178.039825,0.9884,-0.1486,0.0306,0.0023
178.050032,0.9878,-0.1523,0.0313,0.0025
178.060248,0.9872,-0.1561,0.0322,0.0029
178.069263,0.9865,-0.1599,0.0333,0.0035
178.079480,0.9858,-0.1637,0.0345,0.0042
178.090179,0.9852,-0.1675,0.0353,0.0049
178.099220,0.9846,-0.1711,0.0359,0.0053
178.109940,0.9839,-0.1748,0.0363,0.0056
178.120628,0.9833,-0.1783,0.0364,0.0056
178.129650,0.9826,-0.1818,0.0366,0.0057
178.140340,0.9819,-0.1853,0.0370,0.0057
178.149376,0.9812,-0.1889,0.0377,0.0057
178.160061,0.9805,-0.1926,0.0387,0.0057
178.169092,0.9797,-0.1963,0.0401,0.0057
178.179781,0.9788,-0.2002,0.0418,0.0057
178.188787,0.9779,-0.2042,0.0436,0.0059
178.199473,0.9770,-0.2081,0.0454,0.0062
178.210152,0.9760,-0.2122,0.0471,0.0066
178.219158,0.9750,-0.2164,0.0485,0.0071
178.229852,0.9741,-0.2206,0.0497,0.0076
178.238888,0.9730,-0.2247,0.0506,0.0082
178.249477,0.9721,-0.2287,0.0512,0.0089
178.260065,0.9711,-0.2328,0.0515,0.0097
178.269007,0.9701,-0.2369,0.0516,0.0104
178.279616,0.9691,-0.2407,0.0513,0.0110
178.288566,0.9682,-0.2447,0.0510,0.0114
178.299165,0.9672,-0.2486,0.0507,0.0117
178.309793,0.9662,-0.2525,0.0504,0.0120
178.318746,0.9651,-0.2565,0.0502,0.0120
178.329351,0.9641,-0.2604,0.0500,0.0120
178.339961,0.9631,-0.2643,0.0499,0.0117
178.348932,0.9620,-0.2681,0.0498,0.0115
178.359550,0.9610,-0.2717,0.0499,0.0117
178.368536,0.9600,-0.2754,0.0502,0.0119
178.379175,0.9589,-0.2790,0.0505,0.0124
178.389808,0.9578,-0.2826,0.0507,0.0131
178.398772,0.9567,-0.2861,0.0510,0.0138
178.409429,0.9556,-0.2898,0.0508,0.0146
178.418397,0.9545,-0.2935,0.0504,0.0152
178.429016,0.9534,-0.2971,0.0497,0.0157
178.439685,0.9523,-0.3008,0.0487,0.0161
178.448645,0.9512,-0.3045,0.0476,0.0163
178.459270,0.9500,-0.3083,0.0464,0.0164
178.468214,0.9488,-0.3121,0.0454,0.0162
178.478837,0.9475,-0.3162,0.0445,0.0159
178.489465,0.9461,-0.3204,0.0437,0.0153
178.498425,0.9448,-0.3246,0.0430,0.0146
178.509046,0.9433,-0.3289,0.0424,0.0139
178.517996,0.9418,-0.3331,0.0417,0.0131
178.528612,0.9404,-0.3372,0.0411,0.0121
178.539230,0.9390,-0.3414,0.0403,0.0112
178.548179,0.9376,-0.3454,0.0396,0.0104
178.558838,0.9362,-0.3492,0.0389,0.0098
178.567795,0.9348,-0.3531,0.0382,0.0094
178.578420,0.9334,-0.3567,0.0375,0.0092
178.589034,0.9321,-0.3600,0.0367,0.0092
178.597954,0.9309,-0.3633,0.0359,0.0093
178.608568,0.9297,-0.3663,0.0349,0.0093
178.619189,0.9286,-0.3693,0.0341,0.0093
178.628119,0.9274,-0.3723,0.0334,0.0090
178.638721,0.9263,-0.3752,0.0328,0.0087
178.647663,0.9251,-0.3782,0.0325,0.0084
178.658263,0.9239,-0.3812,0.0323,0.0080
178.668873,0.9225,-0.3845,0.0322,0.0075
178.677882,0.9211,-0.3878,0.0323,0.0070
178.688570,0.9197,-0.3911,0.0325,0.0065
178.697586,0.9183,-0.3945,0.0328,0.0060
178.708261,0.9168,-0.3979,0.0328,0.0055
178.718951,0.9154,-0.4012,0.0327,0.0049
178.727947,0.9140,-0.4044,0.0324,0.0042
178.738588,0.9126,-0.4075,0.0320,0.0037
178.747576,0.9113,-0.4106,0.0317,0.0032
178.758234,0.9099,-0.4136,0.0314,0.0027
178.768411,0.9085,-0.4166,0.0312,0.0024
178.778587,0.9071,-0.4197,0.0309,0.0021
178.787107,0.9058,-0.4227,0.0308,0.0018
178.797309,0.9043,-0.4257,0.0306,0.0015
178.808001,0.9029,-0.4287,0.0303,0.0011
178.818174,0.9015,-0.4317,0.0300,0.0008
178.828338,0.9001,-0.4346,0.0297,0.0005
178.838518,0.8987,-0.4375,0.0292,0.0002
178.847502,0.8974,-0.4402,0.0287,0.0000
178.857605,0.8961,-0.4429,0.0282,-0.0002
178.868282,0.8948,-0.4456,0.0277,-0.0005
178.877324,0.8935,-0.4482,0.0273,-0.0007
178.888019,0.8922,-0.4509,0.0270,-0.0010
178.897035,0.8908,-0.4536,0.0270,-0.0012
178.907263,0.8895,-0.4562,0.0270,-0.0014
178.917489,0.8881,-0.4589,0.0270,-0.0016
178.927685,0.8867,-0.4615,0.0272,-0.0018
178.937905,0.8853,-0.4642,0.0272,-0.0021
178.948118,0.8839,-0.4669,0.0273,-0.0024
178.956672,0.8825,-0.4695,0.0272,-0.0027
178.966883,0.8811,-0.4720,0.0272,-0.0031
178.977085,0.8798,-0.4745,0.0272,-0.0034
178.987785,0.8785,-0.4770,0.0273,-0.0037
178.998020,0.8771,-0.4794,0.0273,-0.0040
179.007103,0.8759,-0.4818,0.0273,-0.0040
179.017885,0.8745,-0.4843,0.0275,-0.0040
179.026973,0.8732,-0.4866,0.0276,-0.0038
179.037234,0.8718,-0.4890,0.0276,-0.0035
179.047474,0.8705,-0.4913,0.0276,-0.0032
179.056537,0.8691,-0.4938,0.0277,-0.0027
179.066800,0.8678,-0.4961,0.0277,-0.0023
179.077066,0.8665,-0.4984,0.0277,-0.0019
179.087321,0.8652,-0.5007,0.0277,-0.0015
179.097577,0.8639,-0.5029,0.0278,-0.0010
179.107837,0.8627,-0.5049,0.0279,-0.0005
179.116867,0.8615,-0.5071,0.0280,0.0000
179.126958,0.8602,-0.5092,0.0280,0.0006
179.137123,0.8589,-0.5113,0.0281,0.0013
179.147310,0.8577,-0.5134,0.0283,0.0020
179.156360,0.8564,-0.5155,0.0284,0.0026
179.166556,0.8552,-0.5175,0.0286,0.0033
179.176765,0.8540,-0.5194,0.0288,0.0039
179.187446,0.8528,-0.5214,0.0289,0.0046
179.196467,0.8516,-0.5233,0.0291,0.0052
179.207156,0.8504,-0.5253,0.0292,0.0060
179.216183,0.8492,-0.5272,0.0294,0.0067
179.226885,0.8480,-0.5291,0.0297,0.0074
179.235941,0.8468,-0.5310,0.0298,0.0081
179.246530,0.8456,-0.5328,0.0298,0.0086
179.257146,0.8445,-0.5345,0.0297,0.0092
179.266092,0.8435,-0.5362,0.0296,0.0096
179.276717,0.8424,-0.5380,0.0292,0.0099
179.287340,0.8414,-0.5396,0.0287,0.0101
179.296299,0.8404,-0.5411,0.0281,0.0101
179.306899,0.8394,-0.5428,0.0275,0.0101
179.315872,0.8383,-0.5444,0.0270,0.0101
179.326498,0.8372,-0.5461,0.0265,0.0099
179.337112,0.8361,-0.5479,0.0259,0.0096
179.346068,0.8349,-0.5497,0.0253,0.0092
179.356688,0.8337,-0.5516,0.0249,0.0089
179.365634,0.8325,-0.5535,0.0247,0.0087
179.376253,0.8312,-0.5553,0.0245,0.0085
179.386857,0.8301,-0.5571,0.0242,0.0084
179.395788,0.8289,-0.5587,0.0240,0.0083
179.406403,0.8279,-0.5603,0.0237,0.0081
179.417004,0.8268,-0.5620,0.0233,0.0078
179.426025,0.8257,-0.5635,0.0231,0.0075
179.436722,0.8246,-0.5652,0.0229,0.0073
179.445750,0.8235,-0.5668,0.0228,0.0071
179.456447,0.8223,-0.5686,0.0226,0.0069
179.465463,0.8211,-0.5703,0.0223,0.0066
179.476142,0.8199,-0.5720,0.0220,0.0063
179.486854,0.8188,-0.5736,0.0216,0.0060
179.495862,0.8177,-0.5752,0.0214,0.0059
179.506565,0.8167,-0.5767,0.0213,0.0059
179.515591,0.8156,-0.5782,0.0212,0.0058
179.526284,0.8145,-0.5798,0.0213,0.0057
179.535313,0.8134,-0.5813,0.0213,0.0056
179.545996,0.8123,-0.5828,0.0214,0.0054
179.556678,0.8113,-0.5842,0.0214,0.0054
179.565686,0.8103,-0.5856,0.0215,0.0054
179.576368,0.8093,-0.5870,0.0217,0.0056
179.585391,0.8082,-0.5884,0.0217,0.0058
179.596075,0.8073,-0.5898,0.0217,0.0061
179.605102,0.8062,-0.5912,0.0216,0.0065
179.615783,0.8052,-0.5925,0.0215,0.0069
179.626464,0.8044,-0.5937,0.0214,0.0073
179.635486,0.8035,-0.5948,0.0214,0.0076
179.646175,0.8027,-0.5959,0.0214,0.0080
179.655122,0.8019,-0.5970,0.0215,0.0083
179.665726,0.8011,-0.5980,0.0216,0.0085
179.676310,0.8004,-0.5991,0.0217,0.0087
179.685242,0.7996,-0.6002,0.0217,0.0088
179.695862,0.7987,-0.6013,0.0217,0.0090
179.704796,0.7979,-0.6024,0.0217,0.0093
179.715421,0.7970,-0.6035,0.0219,0.0097
179.726050,0.7961,-0.6046,0.0220,0.0101
179.734977,0.7954,-0.6056,0.0221,0.0106
179.745600,0.7947,-0.6064,0.0223,0.0110
179.754542,0.7941,-0.6073,0.0226,0.0115
179.765173,0.7935,-0.6081,0.0229,0.0118
179.775794,0.7928,-0.6089,0.0231,0.0122
179.784738,0.7922,-0.6096,0.0235,0.0126
179.795376,0.7916,-0.6104,0.0238,0.0129
179.806000,0.7909,-0.6113,0.0239,0.0132
179.814969,0.7902,-0.6123,0.0239,0.0135
179.825609,0.7894,-0.6132,0.0239,0.0140
179.834591,0.7888,-0.6140,0.0240,0.0146
179.845249,0.7883,-0.6147,0.0240,0.0150
179.854221,0.7877,-0.6154,0.0240,0.0155
179.864863,0.7871,-0.6161,0.0242,0.0160
179.875514,0.7866,-0.6168,0.0245,0.0165
179.884495,0.7859,-0.6176,0.0248,0.0169
179.895163,0.7854,-0.6183,0.0250,0.0173
179.904137,0.7849,-0.6189,0.0252,0.0179
179.914783,0.7844,-0.6195,0.0255,0.0184
179.925429,0.7839,-0.6201,0.0258,0.0190
179.934390,0.7834,-0.6205,0.0259,0.0197
179.945041,0.7830,-0.6212,0.0260,0.0203
179.953983,0.7825,-0.6217,0.0261,0.0210
179.964624,0.7821,-0.6223,0.0261,0.0216
179.975253,0.7817,-0.6227,0.0261,0.0222
179.984218,0.7812,-0.6233,0.0261,0.0226
179.994856,0.7809,-0.6237,0.0262,0.0231
180.003816,0.7805,-0.6241,0.0264,0.0238
180.014491,0.7800,-0.6247,0.0266,0.0244
180.025148,0.7795,-0.6252,0.0269,0.0250
180.034155,0.7791,-0.6258,0.0270,0.0257
180.044866,0.7787,-0.6263,0.0270,0.0262
180.053879,0.7783,-0.6268,0.0271,0.0266
180.064572,0.7779,-0.6272,0.0272,0.0272
180.073612,0.7776,-0.6276,0.0272,0.0277
180.084331,0.7772,-0.6280,0.0272,0.0283
180.095034,0.7768,-0.6285,0.0270,0.0290
180.104075,0.7764,-0.6290,0.0267,0.0297
180.114747,0.7759,-0.6296,0.0264,0.0306
180.123744,0.7754,-0.6302,0.0261,0.0314
180.134382,0.7749,-0.6307,0.0259,0.0323
180.145026,0.7745,-0.6311,0.0258,0.0333
180.153997,0.7742,-0.6315,0.0259,0.0344
180.164644,0.7737,-0.6320,0.0259,0.0355
180.173640,0.7735,-0.6322,0.0261,0.0364
180.184277,0.7734,-0.6323,0.0261,0.0374
180.194927,0.7733,-0.6323,0.0263,0.0385
180.203921,0.7732,-0.6323,0.0266,0.0396
180.214597,0.7731,-0.6324,0.0269,0.0406
180.223572,0.7731,-0.6323,0.0272,0.0417
180.234221,0.7731,-0.6323,0.0274,0.0429
180.243204,0.7731,-0.6321,0.0277,0.0441
180.253848,0.7731,-0.6320,0.0280,0.0454
180.264480,0.7733,-0.6317,0.0283,0.0468
180.273462,0.7734,-0.6315,0.0286,0.0484
180.284115,0.7734,-0.6312,0.0290,0.0501
180.293083,0.7736,-0.6309,0.0296,0.0519
180.303739,0.7739,-0.6303,0.0303,0.0538
180.314388,0.7743,-0.6296,0.0311,0.0558
180.323358,0.7747,-0.6288,0.0320,0.0578
180.333997,0.7753,-0.6279,0.0330,0.0599
180.342979,0.7758,-0.6270,0.0339,0.0620
180.353637,0.7764,-0.6260,0.0347,0.0640
180.364261,0.7769,-0.6251,0.0354,0.0662
180.373223,0.7775,-0.6241,0.0363,0.0683
180.383854,0.7781,-0.6230,0.0370,0.0705
180.392802,0.7787,-0.6219,0.0379,0.0728
180.403461,0.7794,-0.6207,0.0386,0.0751
180.414107,0.7802,-0.6194,0.0394,0.0776
180.423089,0.7809,-0.6182,0.0402,0.0803
180.433682,0.7816,-0.6169,0.0412,0.0828
180.442633,0.7823,-0.6155,0.0424,0.0853
180.453254,0.7831,-0.6141,0.0436,0.0876
180.463874,0.7839,-0.6127,0.0449,0.0899
180.472836,0.7846,-0.6113,0.0462,0.0921
180.483446,0.7853,-0.6099,0.0473,0.0944
180.494067,0.7861,-0.6085,0.0483,0.0967
180.503029,0.7869,-0.6071,0.0493,0.0992
180.513671,0.7876,-0.6057,0.0503,0.1016
180.522628,0.7883,-0.6043,0.0511,0.1040
180.533227,0.7889,-0.6030,0.0521,0.1062
180.543830,0.7895,-0.6017,0.0530,0.1084
180.552804,0.7901,-0.6005,0.0537,0.1105
180.563415,0.7907,-0.5993,0.0544,0.1124
180.572368,0.7913,-0.5980,0.0552,0.1144
180.582992,0.7919,-0.5969,0.0560,0.1163
180.593621,0.7924,-0.5956,0.0569,0.1182
180.602589,0.7929,-0.5945,0.0579,0.1202
180.613228,0.7935,-0.5933,0.0587,0.1221
180.622211,0.7941,-0.5920,0.0591,0.1240
180.632857,0.7948,-0.5907,0.0595,0.1259
180.643516,0.7955,-0.5893,0.0596,0.1276
180.652511,0.7963,-0.5880,0.0596,0.1294
180.663184,0.7970,-0.5866,0.0598,0.1310
180.672182,0.7977,-0.5853,0.0599,0.1326
180.682845,0.7983,-0.5841,0.0599,0.1342
180.693488,0.7988,-0.5829,0.0602,0.1359
180.702436,0.7993,-0.5817,0.0607,0.1376
180.713082,0.7999,-0.5805,0.0614,0.1393
180.722039,0.8005,-0.5792,0.0621,0.1412
180.732646,0.8010,-0.5779,0.0629,0.1431
180.743275,0.8015,-0.5767,0.0635,0.1448
180.752230,0.8021,-0.5753,0.0643,0.1467
180.762855,0.8026,-0.5740,0.0651,0.1486
180.771816,0.8031,-0.5728,0.0660,0.1504
180.782458,0.8036,-0.5714,0.0668,0.1523
180.793084,0.8041,-0.5702,0.0677,0.1541
180.802034,0.8045,-0.5690,0.0685,0.1559
180.812649,0.8049,-0.5678,0.0692,0.1577
180.821615,0.8054,-0.5665,0.0699,0.1595
180.832242,0.8059,-0.5652,0.0707,0.1614
180.842867,0.8064,-0.5638,0.0714,0.1635
180.851834,0.8069,-0.5625,0.0720,0.1654
180.862426,0.8073,-0.5612,0.0727,0.1674
180.873063,0.8078,-0.5598,0.0734,0.1694
180.882018,0.8082,-0.5585,0.0743,0.1714
180.892647,0.8086,-0.5572,0.0753,0.1733
180.901622,0.8089,-0.5560,0.0764,0.1752
180.912259,0.8093,-0.5547,0.0778,0.1769
180.922910,0.8097,-0.5534,0.0792,0.1785
180.931877,0.8101,-0.5521,0.0807,0.1801
180.942470,0.8104,-0.5510,0.0821,0.1818
180.951423,0.8106,-0.5498,0.0832,0.1835
180.962037,0.8108,-0.5488,0.0839,0.1856
180.972664,0.8110,-0.5477,0.0843,0.1877
180.981631,0.8112,-0.5466,0.0845,0.1898
180.992256,0.8115,-0.5453,0.0849,0.1918
181.001211,0.8119,-0.5441,0.0855,0.1937
181.011882,0.8123,-0.5427,0.0862,0.1956
181.022538,0.8126,-0.5413,0.0870,0.1974
181.031515,0.8130,-0.5399,0.0879,0.1992
181.042167,0.8135,-0.5385,0.0887,0.2010
181.051135,0.8138,-0.5370,0.0895,0.2029
181.061776,0.8142,-0.5356,0.0903,0.2048
181.072410,0.8145,-0.5343,0.0909,0.2067
181.081386,0.8149,-0.5330,0.0915,0.2086
181.092036,0.8152,-0.5317,0.0919,0.2105
181.101017,0.8155,-0.5304,0.0922,0.2124
181.111632,0.8159,-0.5291,0.0927,0.2141
181.122249,0.8162,-0.5277,0.0933,0.2158
181.131210,0.8165,-0.5264,0.0941,0.2174
181.141827,0.8168,-0.5252,0.0950,0.2189
181.150780,0.8171,-0.5239,0.0959,0.2204
181.161406,0.8174,-0.5226,0.0967,0.2220
181.172040,0.8177,-0.5214,0.0975,0.2236
181.181012,0.8179,-0.5201,0.0983,0.2253
181.191629,0.8182,-0.5187,0.0991,0.2270
181.200586,0.8185,-0.5173,0.0999,0.2288
181.211218,0.8188,-0.5159,0.1006,0.2305
181.221826,0.8192,-0.5145,0.1015,0.2321
181.230771,0.8195,-0.5131,0.1024,0.2338
181.241407,0.8198,-0.5117,0.1031,0.2354
181.252028,0.8202,-0.5103,0.1037,0.2370
181.260988,0.8206,-0.5087,0.1042,0.2386
181.271599,0.8210,-0.5072,0.1047,0.2403
181.280547,0.8214,-0.5057,0.1050,0.2419
181.291167,0.8218,-0.5042,0.1053,0.2434
181.301772,0.8223,-0.5027,0.1057,0.2449
181.310722,0.8228,-0.5011,0.1061,0.2463
181.321337,0.8231,-0.4996,0.1065,0.2479
181.330290,0.8235,-0.4982,0.1069,0.2493
181.340910,0.8240,-0.4966,0.1072,0.2507
181.351542,0.8244,-0.4952,0.1076,0.2520
181.360484,0.8248,-0.4938,0.1080,0.2534
181.371106,0.8251,-0.4924,0.1085,0.2548
181.381721,0.8254,-0.4911,0.1089,0.2561
181.390659,0.8257,-0.4898,0.1093,0.2575
181.401286,0.8260,-0.4885,0.1095,0.2589
181.410222,0.8264,-0.4871,0.1097,0.2603
181.420837,0.8267,-0.4858,0.1098,0.2617
181.431466,0.8270,-0.4845,0.1100,0.2630
181.440414,0.8275,-0.4828,0.1103,0.2644
181.451021,0.8279,-0.4813,0.1105,0.2657
181.459975,0.8283,-0.4800,0.1105,0.2670
181.470605,0.8287,-0.4786,0.1105,0.2682
181.481223,0.8291,-0.4771,0.1103,0.2696
181.490182,0.8295,-0.4755,0.1104,0.2711
181.500810,0.8299,-0.4741,0.1105,0.2726
181.509762,0.8302,-0.4727,0.1107,0.2739
181.520390,0.8305,-0.4713,0.1110,0.2751
181.531020,0.8308,-0.4700,0.1113,0.2764
181.539982,0.8311,-0.4688,0.1118,0.2777
181.550619,0.8312,-0.4676,0.1123,0.2789
181.561251,0.8314,-0.4664,0.1129,0.2802
181.570194,0.8314,-0.4653,0.1135,0.2815
181.580814,0.8315,-0.4642,0.1141,0.2828
181.589774,0.8316,-0.4633,0.1146,0.2841
181.600389,0.8317,-0.4622,0.1151,0.2853
181.611012,0.8319,-0.4609,0.1154,0.2864
181.619963,0.8322,-0.4597,0.1157,0.2877
181.630600,0.8325,-0.4584,0.1161,0.2889
181.639549,0.8327,-0.4570,0.1165,0.2900
181.650177,0.8330,-0.4557,0.1169,0.2911
181.660800,0.8333,-0.4545,0.1172,0.2922
181.669758,0.8335,-0.4533,0.1175,0.2932
181.680398,0.8337,-0.4522,0.1176,0.2941
181.689356,0.8340,-0.4512,0.1177,0.2949
181.699979,0.8342,-0.4503,0.1177,0.2957
181.710610,0.8344,-0.4494,0.1178,0.2965
181.719571,0.8345,-0.4485,0.1179,0.2974
181.730204,0.8347,-0.4477,0.1178,0.2981
181.739176,0.8350,-0.4468,0.1179,0.2988
181.749814,0.8353,-0.4457,0.1180,0.2995
181.760436,0.8356,-0.4446,0.1182,0.3001
181.769375,0.8359,-0.4437,0.1183,0.3007
181.779998,0.8361,-0.4429,0.1181,0.3011
181.790604,0.8364,-0.4422,0.1180,0.3017
181.799575,0.8366,-0.4413,0.1177,0.3024
181.810207,0.8369,-0.4404,0.1174,0.3029
181.819149,0.8371,-0.4399,0.1172,0.3033
181.829781,0.8373,-0.4394,0.1169,0.3036
181.840420,0.8375,-0.4388,0.1165,0.3040
181.849378,0.8378,-0.4381,0.1161,0.3044
181.860010,0.8381,-0.4373,0.1159,0.3048
181.868960,0.8384,-0.4363,0.1158,0.3054
181.879604,0.8387,-0.4353,0.1157,0.3058
181.890235,0.8391,-0.4343,0.1158,0.3065
181.899197,0.8393,-0.4333,0.1159,0.3071
181.909830,0.8395,-0.4326,0.1161,0.3077
181.918795,0.8397,-0.4318,0.1163,0.3082
181.929427,0.8398,-0.4310,0.1166,0.3087
181.940059,0.8399,-0.4303,0.1169,0.3093
181.949013,0.8401,-0.4296,0.1172,0.3098
181.959635,0.8403,-0.4286,0.1175,0.3104
181.968582,0.8405,-0.4277,0.1178,0.3109
181.979213,0.8408,-0.4268,0.1181,0.3115
181.989824,0.8409,-0.4258,0.1184,0.3121
181.998768,0.8412,-0.4247,0.1188,0.3129
182.009390,0.8414,-0.4237,0.1192,0.3136
182.018405,0.8415,-0.4227,0.1198,0.3143
182.029060,0.8416,-0.4218,0.1203,0.3151
182.039703,0.8417,-0.4209,0.1210,0.3158
182.048677,0.8417,-0.4200,0.1218,0.3166
182.059324,0.8417,-0.4193,0.1226,0.3173
182.068314,0.8417,-0.4185,0.1233,0.3181
182.078957,0.8417,-0.4177,0.1240,0.3188
182.089600,0.8418,-0.4169,0.1246,0.3195
182.098588,0.8419,-0.4160,0.1251,0.3201
182.109215,0.8420,-0.4150,0.1255,0.3207
182.118149,0.8422,-0.4141,0.1260,0.3214
182.128746,0.8423,-0.4132,0.1267,0.3221
182.139363,0.8423,-0.4123,0.1275,0.3228
182.148322,0.8424,-0.4114,0.1282,0.3234
182.158939,0.8425,-0.4104,0.1288,0.3241
182.169535,0.8427,-0.4094,0.1293,0.3248
182.178489,0.8428,-0.4085,0.1298,0.3255
182.189108,0.8428,-0.4077,0.1304,0.3262
182.198063,0.8428,-0.4069,0.1310,0.3269
182.208684,0.8428,-0.4062,0.1317,0.3275
182.219308,0.8428,-0.4055,0.1325,0.3281
182.228246,0.8429,-0.4047,0.1332,0.3286
182.238864,0.8430,-0.4038,0.1338,0.3292
182.247816,0.8431,-0.4028,0.1343,0.3298
182.258436,0.8433,-0.4019,0.1351,0.3303
182.269052,0.8433,-0.4010,0.1359,0.3309
182.277996,0.8433,-0.4002,0.1367,0.3316
182.288616,0.8432,-0.3995,0.1375,0.3323
182.299256,0.8431,-0.3988,0.1380,0.3331
182.308204,0.8431,-0.3981,0.1385,0.3339
182.318831,0.8430,-0.3973,0.1391,0.3347
182.327797,0.8429,-0.3967,0.1397,0.3355
182.338444,0.8428,-0.3959,0.1404,0.3364
182.349075,0.8427,-0.3951,0.1411,0.3372
182.358035,0.8425,-0.3945,0.1418,0.3381
182.368651,0.8424,-0.3937,0.1426,0.3390
182.377622,0.8422,-0.3931,0.1434,0.3399
182.388254,0.8420,-0.3925,0.1441,0.3409
182.398874,0.8417,-0.3919,0.1449,0.3419
182.407828,0.8414,-0.3914,0.1456,0.3430
182.418461,0.8411,-0.3909,0.1461,0.3439
182.427408,0.8409,-0.3903,0.1465,0.3449
182.438023,0.8409,-0.3896,0.1467,0.3458
182.448648,0.8409,-0.3889,0.1467,0.3466
182.457604,0.8411,-0.3881,0.1466,0.3472
182.468222,0.8412,-0.3872,0.1465,0.3477
182.477187,0.8413,-0.3865,0.1467,0.3482
182.487810,0.8413,-0.3860,0.1470,0.3486
182.498454,0.8413,-0.3856,0.1473,0.3490
182.507425,0.8412,-0.3853,0.1476,0.3494
182.518059,0.8411,-0.3850,0.1479,0.3498
182.527017,0.8411,-0.3847,0.1481,0.3502
182.537628,0.8410,-0.3845,0.1483,0.3505
182.548235,0.8410,-0.3842,0.1485,0.3506
182.557169,0.8411,-0.3838,0.1486,0.3509
182.567795,0.8412,-0.3833,0.1486,0.3511
182.578415,0.8414,-0.3828,0.1485,0.3514
182.587370,0.8415,-0.3823,0.1484,0.3517
182.597988,0.8416,-0.3817,0.1484,0.3520
182.606948,0.8418,-0.3810,0.1484,0.3522
182.617568,0.8420,-0.3804,0.1484,0.3525
182.628192,0.8421,-0.3799,0.1484,0.3528
182.637153,0.8422,-0.3794,0.1484,0.3531
182.647780,0.8423,-0.3789,0.1484,0.3534
182.656742,0.8423,-0.3785,0.1483,0.3537
182.667377,0.8424,-0.3782,0.1483,0.3539
182.678004,0.8425,-0.3779,0.1484,0.3541
182.686961,0.8425,-0.3776,0.1485,0.3541
182.697591,0.8427,-0.3773,0.1484,0.3542
182.706564,0.8429,-0.3767,0.1482,0.3543
182.717198,0.8431,-0.3762,0.1481,0.3546
182.727828,0.8432,-0.3757,0.1480,0.3547
182.736790,0.8433,-0.3754,0.1479,0.3549
182.747436,0.8434,-0.3750,0.1479,0.3550
182.758023,0.8435,-0.3748,0.1479,0.3551
182.767000,0.8435,-0.3746,0.1481,0.3553
182.777634,0.8435,-0.3743,0.1482,0.3555
182.786600,0.8436,-0.3740,0.1484,0.3557
182.797250,0.8436,-0.3735,0.1487,0.3560
182.807905,0.8436,-0.3729,0.1489,0.3564
182.816874,0.8436,-0.3723,0.1492,0.3568
182.827509,0.8437,-0.3717,0.1494,0.3573
182.836494,0.8437,-0.3711,0.1495,0.3578
182.847132,0.8436,-0.3705,0.1497,0.3585
182.856096,0.8434,-0.3701,0.1498,0.3593
182.866732,0.8432,-0.3698,0.1500,0.3600
182.877358,0.8430,-0.3696,0.1500,0.3608
182.886311,0.8429,-0.3692,0.1498,0.3615
182.896934,0.8428,-0.3687,0.1495,0.3624
182.907564,0.8428,-0.3680,0.1492,0.3633
182.916547,0.8427,-0.3675,0.1492,0.3641
182.927181,0.8425,-0.3668,0.1494,0.3650
182.936151,0.8425,-0.3661,0.1495,0.3658
182.946787,0.8425,-0.3654,0.1496,0.3665
182.957428,0.8425,-0.3643,0.1495,0.3674
182.966389,0.8427,-0.3628,0.1492,0.3687
182.977027,0.8430,-0.3611,0.1486,0.3699
182.985994,0.8432,-0.3594,0.1478,0.3714
182.996629,0.8434,-0.3577,0.1471,0.3728
183.007267,0.8436,-0.3563,0.1464,0.3741
183.016283,0.8437,-0.3550,0.1458,0.3752
183.026941,0.8439,-0.3536,0.1456,0.3763
183.035941,0.8439,-0.3524,0.1458,0.3772
183.046612,0.8439,-0.3512,0.1462,0.3781
183.055597,0.8439,-0.3502,0.1469,0.3788
183.066251,0.8439,-0.3491,0.1474,0.3796
183.076925,0.8439,-0.3481,0.1479,0.3804
183.085906,0.8439,-0.3470,0.1486,0.3812
183.096556,0.8438,-0.3460,0.1491,0.3822
183.105536,0.8437,-0.3448,0.1495,0.3832
183.116159,0.8437,-0.3436,0.1498,0.3842
183.126793,0.8438,-0.3423,0.1500,0.3851
183.135746,0.8439,-0.3411,0.1502,0.3859
183.146362,0.8439,-0.3400,0.1505,0.3866
183.155307,0.8439,-0.3391,0.1509,0.3873
183.165939,0.8439,-0.3381,0.1514,0.3880
183.176551,0.8438,-0.3374,0.1520,0.3885
183.185501,0.8439,-0.3366,0.1525,0.3889
183.196131,0.8439,-0.3359,0.1526,0.3893
183.206767,0.8440,-0.3352,0.1528,0.3898
183.215753,0.8441,-0.3346,0.1528,0.3902
183.226384,0.8441,-0.3340,0.1528,0.3906
183.235347,0.8442,-0.3333,0.1530,0.3910
183.245981,0.8442,-0.3325,0.1533,0.3914
183.256609,0.8443,-0.3317,0.1536,0.3918
183.265587,0.8444,-0.3309,0.1540,0.3922
183.276228,0.8444,-0.3301,0.1545,0.3924
183.285178,0.8445,-0.3295,0.1551,0.3926
183.295808,0.8444,-0.3292,0.1558,0.3928
183.306446,0.8442,-0.3292,0.1564,0.3929
183.315401,0.8439,-0.3294,0.1572,0.3931
183.326037,0.8435,-0.3298,0.1581,0.3933
183.335008,0.8430,-0.3301,0.1592,0.3937
183.345636,0.8426,-0.3305,0.1599,0.3939
183.356271,0.8423,-0.3306,0.1606,0.3941
183.365225,0.8422,-0.3307,0.1609,0.3942
183.375849,0.8422,-0.3306,0.1609,0.3944
183.384796,0.8420,-0.3307,0.1617,0.3944
183.395431,0.8417,-0.3308,0.1625,0.3945
183.406054,0.8415,-0.3311,0.1634,0.3944
183.415013,0.8413,-0.3315,0.1642,0.3942
183.425640,0.8412,-0.3316,0.1644,0.3941
183.434592,0.8412,-0.3312,0.1645,0.3944
183.445211,0.8412,-0.3306,0.1646,0.3947
183.455835,0.8412,-0.3303,0.1650,0.3949
183.464794,0.8411,-0.3303,0.1654,0.3950
183.475410,0.8409,-0.3306,0.1660,0.3950
183.484369,0.8406,-0.3309,0.1667,0.3951
183.494999,0.8403,-0.3310,0.1673,0.3953
183.505639,0.8401,-0.3311,0.1677,0.3954
183.514606,0.8400,-0.3314,0.1680,0.3955
183.525277,0.8398,-0.3314,0.1683,0.3957
183.534254,0.8397,-0.3312,0.1685,0.3960
183.544902,0.8396,-0.3309,0.1686,0.3963
183.555541,0.8395,-0.3304,0.1688,0.3967
183.564514,0.8395,-0.3300,0.1689,0.3971
183.575163,0.8395,-0.3296,0.1693,0.3974
183.584149,0.8394,-0.3292,0.1698,0.3978
183.594811,0.8393,-0.3287,0.1701,0.3981
183.605439,0.8394,-0.3282,0.1703,0.3984
183.614402,0.8394,-0.3276,0.1706,0.3987
183.625052,0.8394,-0.3271,0.1708,0.3989
183.634021,0.8394,-0.3267,0.1710,0.3991
183.644666,0.8394,-0.3266,0.1711,0.3992
183.655301,0.8394,-0.3267,0.1711,0.3992
183.664271,0.8394,-0.3267,0.1713,0.3991
183.674910,0.8394,-0.3266,0.1715,0.3992
183.683892,0.8393,-0.3264,0.1718,0.3993
183.694527,0.8393,-0.3260,0.1720,0.3995
183.705172,0.8394,-0.3256,0.1722,0.3997
183.714154,0.8394,-0.3251,0.1725,0.4000
183.724809,0.8394,-0.3246,0.1730,0.4001
183.733759,0.8394,-0.3242,0.1736,0.4003
183.744387,0.8392,-0.3239,0.1741,0.4005
183.755003,0.8392,-0.3237,0.1748,0.4005
183.763957,0.8391,-0.3236,0.1757,0.4005
183.774583,0.8389,-0.3235,0.1765,0.4005
183.783536,0.8387,-0.3237,0.1773,0.4004
183.794175,0.8384,-0.3238,0.1781,0.4005
183.804795,0.8382,-0.3237,0.1788,0.4007
183.813760,0.8380,-0.3237,0.1794,0.4008
183.824391,0.8380,-0.3237,0.1799,0.4008
183.835043,0.8380,-0.3237,0.1804,0.4005
183.843973,0.8381,-0.3238,0.1810,0.4000
183.854585,0.8381,-0.3239,0.1815,0.3997
183.863547,0.8381,-0.3237,0.1822,0.3995
183.874178,0.8380,-0.3234,0.1828,0.3997
183.884806,0.8379,-0.3231,0.1832,0.3998
183.893769,0.8377,-0.3229,0.1837,0.4002
183.904393,0.8376,-0.3226,0.1840,0.4006
183.913338,0.8375,-0.3223,0.1843,0.4010
183.923950,0.8373,-0.3219,0.1844,0.4014
183.934570,0.8373,-0.3217,0.1846,0.4017
183.943528,0.8371,-0.3217,0.1850,0.4019
183.954157,0.8369,-0.3218,0.1853,0.4021
183.963111,0.8367,-0.3216,0.1855,0.4025
183.973738,0.8366,-0.3214,0.1857,0.4028
183.984364,0.8365,-0.3212,0.1859,0.4030
183.993311,0.8365,-0.3209,0.1860,0.4033
184.003922,0.8364,-0.3206,0.1864,0.4035
184.012919,0.8364,-0.3203,0.1868,0.4036
184.023578,0.8363,-0.3200,0.1871,0.4038
184.034214,0.8363,-0.3197,0.1874,0.4040
184.043221,0.8362,-0.3195,0.1876,0.4042
184.053872,0.8361,-0.3193,0.1879,0.4045
184.062854,0.8359,-0.3190,0.1883,0.4050
184.073514,0.8357,-0.3187,0.1887,0.4055
184.084171,0.8355,-0.3185,0.1890,0.4059
184.093156,0.8354,-0.3182,0.1891,0.4062
184.103802,0.8353,-0.3179,0.1892,0.4066
184.112760,0.8353,-0.3174,0.1893,0.4069
184.123388,0.8353,-0.3171,0.1896,0.4072
184.134015,0.8351,-0.3168,0.1900,0.4075
184.142982,0.8350,-0.3166,0.1905,0.4077
184.153608,0.8349,-0.3163,0.1909,0.4078
184.162558,0.8348,-0.3162,0.1912,0.4080
184.173187,0.8348,-0.3160,0.1915,0.4081
184.183819,0.8348,-0.3158,0.1917,0.4082
184.192784,0.8347,-0.3156,0.1918,0.4084
184.203408,0.8347,-0.3155,0.1921,0.4084
184.214031,0.8347,-0.3154,0.1923,0.4083
184.222982,0.8348,-0.3154,0.1926,0.4080
184.233626,0.8348,-0.3156,0.1930,0.4076
184.242596,0.8348,-0.3155,0.1937,0.4073
184.253228,0.8347,-0.3154,0.1942,0.4073
184.263856,0.8347,-0.3153,0.1946,0.4073
184.272818,0.8347,-0.3152,0.1949,0.4072
184.283441,0.8347,-0.3151,0.1949,0.4073
184.292399,0.8348,-0.3148,0.1948,0.4075
184.303032,0.8349,-0.3146,0.1946,0.4075
184.313658,0.8350,-0.3145,0.1945,0.4074
184.322604,0.8351,-0.3144,0.1945,0.4073
184.333230,0.8351,-0.3145,0.1946,0.4072
184.342184,0.8351,-0.3145,0.1947,0.4071
184.352807,0.8351,-0.3145,0.1948,0.4071
184.363433,0.8350,-0.3145,0.1949,0.4072
184.372383,0.8349,-0.3145,0.1953,0.4073
184.383009,0.8348,-0.3144,0.1955,0.4073
184.391967,0.8348,-0.3143,0.1956,0.4073
184.402591,0.8348,-0.3143,0.1957,0.4073
184.413218,0.8348,-0.3141,0.1959,0.4074
184.422176,0.8347,-0.3141,0.1960,0.4075
184.432795,0.8345,-0.3141,0.1963,0.4077
184.443423,0.8345,-0.3140,0.1965,0.4080
184.452402,0.8344,-0.3138,0.1966,0.4081
184.463018,0.8344,-0.3137,0.1967,0.4083
184.471984,0.8343,-0.3135,0.1968,0.4084
184.482611,0.8343,-0.3135,0.1968,0.4086
184.493233,0.8342,-0.3134,0.1969,0.4087
184.502183,0.8342,-0.3133,0.1969,0.4088
184.512802,0.8342,-0.3131,0.1968,0.4089
184.521757,0.8343,-0.3129,0.1967,0.4090
184.532390,0.8343,-0.3129,0.1967,0.4091
184.543013,0.8343,-0.3129,0.1967,0.4091
184.551967,0.8342,-0.3127,0.1968,0.4092
184.562598,0.8342,-0.3127,0.1968,0.4092
184.571545,0.8342,-0.3125,0.1969,0.4093
184.582141,0.8343,-0.3123,0.1970,0.4094
184.592765,0.8342,-0.3122,0.1972,0.4095
184.601716,0.8342,-0.3121,0.1974,0.4096
184.612344,0.8340,-0.3120,0.1974,0.4098
184.622959,0.8340,-0.3121,0.1976,0.4099
184.631926,0.8339,-0.3122,0.1978,0.4100
184.642564,0.8337,-0.3123,0.1979,0.4100
184.651520,0.8336,-0.3124,0.1979,0.4101
184.662140,0.8335,-0.3126,0.1981,0.4102
184.672756,0.8334,-0.3126,0.1981,0.4103
184.681699,0.8334,-0.3127,0.1981,0.4104
184.692320,0.8333,-0.3127,0.1981,0.4105
184.701271,0.8333,-0.3126,0.1981,0.4105
184.711889,0.8333,-0.3126,0.1982,0.4105
184.722507,0.8332,-0.3127,0.1984,0.4105
184.731458,0.8331,-0.3128,0.1986,0.4106
184.742074,0.8330,-0.3129,0.1987,0.4106
184.751020,0.8329,-0.3129,0.1987,0.4108
184.761647,0.8329,-0.3129,0.1987,0.4108
184.772263,0.8329,-0.3129,0.1986,0.4109
184.781210,0.8329,-0.3129,0.1986,0.4108
184.791823,0.8330,-0.3130,0.1987,0.4106
184.802448,0.8330,-0.3130,0.1989,0.4105
184.811401,0.8330,-0.3130,0.1989,0.4105
184.822022,0.8331,-0.3130,0.1990,0.4103
184.830975,0.8331,-0.3131,0.1990,0.4102
184.841598,0.8331,-0.3133,0.1990,0.4102
184.852227,0.8331,-0.3135,0.1989,0.4100
184.861170,0.8330,-0.3137,0.1988,0.4100
184.871812,0.8330,-0.3139,0.1988,0.4098
184.880778,0.8329,-0.3142,0.1989,0.4097
184.891398,0.8329,-0.3143,0.1990,0.4097
184.902017,0.8328,-0.3145,0.1991,0.4097
184.910967,0.8328,-0.3146,0.1993,0.4095
184.921601,0.8326,-0.3148,0.1995,0.4095
184.930551,0.8325,-0.3151,0.1999,0.4095
184.941174,0.8323,-0.3154,0.2002,0.4095
184.951790,0.8322,-0.3156,0.2004,0.4094
184.960733,0.8322,-0.3157,0.2004,0.4094
184.971358,0.8322,-0.3157,0.2001,0.4094
184.981962,0.8324,-0.3157,0.1997,0.4093
184.990932,0.8325,-0.3158,0.1994,0.4091
185.001559,0.8326,-0.3159,0.1992,0.4088
185.010557,0.8328,-0.3161,0.1992,0.4085
185.021213,0.8328,-0.3163,0.1993,0.4081
185.031857,0.8328,-0.3167,0.1994,0.4078
185.040849,0.8329,-0.3170,0.1996,0.4073
185.051504,0.8329,-0.3174,0.1998,0.4069
185.060493,0.8329,-0.3177,0.2000,0.4066
185.071136,0.8329,-0.3180,0.2001,0.4062
185.080114,0.8329,-0.3182,0.2001,0.4060
185.090737,0.8330,-0.3184,0.2000,0.4058
185.101388,0.8331,-0.3185,0.1998,0.4056
185.110341,0.8331,-0.3187,0.1997,0.4053
185.120973,0.8333,-0.3188,0.1996,0.4052
185.129943,0.8334,-0.3188,0.1995,0.4050
185.140586,0.8334,-0.3187,0.1996,0.4048
185.151209,0.8334,-0.3188,0.1998,0.4047
185.160178,0.8334,-0.3188,0.1999,0.4046
185.170793,0.8334,-0.3189,0.2000,0.4045
185.181424,0.8335,-0.3190,0.1999,0.4044
185.190390,0.8335,-0.3190,0.1998,0.4043
185.201017,0.8336,-0.3191,0.1996,0.4043
185.209978,0.8336,-0.3192,0.1995,0.4043
185.220608,0.8335,-0.3193,0.1993,0.4044
185.231240,0.8335,-0.3194,0.1992,0.4044
185.240202,0.8334,-0.3195,0.1992,0.4044
185.250818,0.8333,-0.3196,0.1993,0.4045
185.259776,0.8332,-0.3198,0.1993,0.4047
185.270415,0.8331,-0.3199,0.1993,0.4048
185.281035,0.8329,-0.3200,0.1993,0.4050
185.289970,0.8328,-0.3201,0.1992,0.4052
185.300579,0.8328,-0.3202,0.1991,0.4052
185.309529,0.8327,-0.3203,0.1990,0.4053
185.320146,0.8326,-0.3204,0.1990,0.4055
185.330766,0.8325,-0.3207,0.1990,0.4055
185.339724,0.8325,-0.3210,0.1990,0.4054
185.350362,0.8324,-0.3212,0.1990,0.4053
185.360979,0.8323,-0.3215,0.1991,0.4052
185.369930,0.8323,-0.3218,0.1992,0.4050
185.380554,0.8322,-0.3220,0.1992,0.4050
185.389519,0.8322,-0.3221,0.1992,0.4048
185.400127,0.8323,-0.3221,0.1990,0.4048
185.410745,0.8323,-0.3222,0.1989,0.4048
185.419697,0.8322,-0.3224,0.1987,0.4049
185.430317,0.8321,-0.3226,0.1986,0.4050
185.439259,0.8320,-0.3228,0.1985,0.4051
185.449862,0.8320,-0.3231,0.1983,0.4051
185.460487,0.8320,-0.3233,0.1981,0.4050
185.469453,0.8320,-0.3235,0.1979,0.4049
185.480090,0.8319,-0.3236,0.1979,0.4049
185.489048,0.8319,-0.3238,0.1978,0.4048
185.499675,0.8319,-0.3240,0.1978,0.4047
185.510323,0.8320,-0.3242,0.1976,0.4046
185.519290,0.8320,-0.3244,0.1973,0.4044
185.529906,0.8320,-0.3247,0.1970,0.4042
185.538849,0.8320,-0.3251,0.1968,0.4040
185.549482,0.8320,-0.3256,0.1965,0.4038
185.560101,0.8320,-0.3260,0.1964,0.4036
185.569082,0.8319,-0.3264,0.1962,0.4035
185.579702,0.8318,-0.3267,0.1962,0.4033
185.590330,0.8318,-0.3270,0.1962,0.4031
185.599291,0.8318,-0.3271,0.1962,0.4031
185.609911,0.8318,-0.3274,0.1962,0.4030
185.618890,0.8318,-0.3276,0.1960,0.4028
185.629513,0.8318,-0.3279,0.1958,0.4026
185.640132,0.8319,-0.3282,0.1956,0.4024
185.649083,0.8319,-0.3286,0.1954,0.4022
185.659711,0.8320,-0.3289,0.1953,0.4018
185.668678,0.8320,-0.3293,0.1951,0.4015
185.679308,0.8320,-0.3298,0.1951,0.4012
185.689941,0.8319,-0.3301,0.1950,0.4010
185.698874,0.8319,-0.3306,0.1949,0.4008
185.709497,0.8318,-0.3311,0.1949,0.4005
185.718436,0.8317,-0.3316,0.1948,0.4003
185.729063,0.8317,-0.3322,0.1946,0.4000
185.739671,0.8316,-0.3328,0.1945,0.3998
185.748653,0.8315,-0.3333,0.1942,0.3995
185.759290,0.8315,-0.3339,0.1940,0.3993
185.768274,0.8315,-0.3343,0.1937,0.3990
185.778923,0.8315,-0.3348,0.1934,0.3987
185.789554,0.8315,-0.3354,0.1932,0.3984
185.798521,0.8314,-0.3361,0.1931,0.3980
185.809141,0.8314,-0.3367,0.1929,0.3977
185.818127,0.8313,-0.3373,0.1926,0.3974
185.828780,0.8312,-0.3381,0.1923,0.3971
185.839408,0.8313,-0.3388,0.1919,0.3966
185.848370,0.8313,-0.3396,0.1915,0.3961
185.859010,0.8313,-0.3405,0.1912,0.3954
185.867964,0.8313,-0.3414,0.1909,0.3949
185.878592,0.8312,-0.3422,0.1905,0.3943
185.889209,0.8313,-0.3431,0.1901,0.3937
185.898168,0.8314,-0.3439,0.1897,0.3931
185.908808,0.8315,-0.3448,0.1893,0.3923
185.919431,0.8315,-0.3458,0.1888,0.3915
185.928392,0.8317,-0.3467,0.1884,0.3906
185.939019,0.8317,-0.3477,0.1880,0.3898
185.948001,0.8318,-0.3486,0.1876,0.3890
185.958627,0.8319,-0.3494,0.1871,0.3882
185.969247,0.8320,-0.3503,0.1868,0.3875
185.978226,0.8320,-0.3513,0.1865,0.3866
185.988853,0.8320,-0.3524,0.1863,0.3858
185.997807,0.8320,-0.3535,0.1861,0.3849
186.008443,0.8319,-0.3546,0.1859,0.3842
186.019121,0.8318,-0.3555,0.1857,0.3835
186.028115,0.8317,-0.3566,0.1855,0.3828
186.038773,0.8317,-0.3577,0.1854,0.3821
186.047766,0.8315,-0.3587,0.1851,0.3814
186.058417,0.8315,-0.3598,0.1848,0.3807
186.069063,0.8314,-0.3609,0.1845,0.3799
186.078049,0.8314,-0.3620,0.1841,0.3792
186.088713,0.8314,-0.3630,0.1837,0.3784
186.097699,0.8314,-0.3640,0.1832,0.3776
186.108358,0.8314,-0.3650,0.1828,0.3768
186.117321,0.8314,-0.3660,0.1826,0.3761
186.127965,0.8314,-0.3669,0.1824,0.3752
186.138600,0.8314,-0.3679,0.1821,0.3745
186.147571,0.8314,-0.3690,0.1819,0.3737
186.158222,0.8313,-0.3699,0.1816,0.3729
186.167188,0.8313,-0.3708,0.1813,0.3721
186.177813,0.8313,-0.3717,0.1812,0.3713
186.188454,0.8312,-0.3727,0.1810,0.3705
186.197422,0.8312,-0.3736,0.1808,0.3698
186.208065,0.8311,-0.3746,0.1807,0.3691
186.217028,0.8310,-0.3754,0.1806,0.3685
186.227660,0.8309,-0.3763,0.1804,0.3679
186.238291,0.8309,-0.3772,0.1802,0.3672
186.247254,0.8309,-0.3779,0.1801,0.3666
186.257887,0.8308,-0.3787,0.1801,0.3660
186.268518,0.8307,-0.3795,0.1801,0.3654
186.277475,0.8305,-0.3802,0.1802,0.3649
186.288079,0.8303,-0.3811,0.1803,0.3643
186.297024,0.8301,-0.3821,0.1802,0.3638
186.307629,0.8300,-0.3830,0.1801,0.3633
186.318269,0.8298,-0.3838,0.1799,0.3629
186.327241,0.8297,-0.3848,0.1796,0.3623
186.337888,0.8295,-0.3858,0.1794,0.3618
186.346865,0.8293,-0.3868,0.1793,0.3613
186.357500,0.8290,-0.3882,0.1793,0.3605
186.368135,0.8286,-0.3898,0.1794,0.3596
186.377108,0.8282,-0.3912,0.1791,0.3591
186.387739,0.8279,-0.3926,0.1788,0.3585
186.396707,0.8275,-0.3941,0.1785,0.3579
186.407349,0.8270,-0.3957,0.1780,0.3573
186.418011,0.8266,-0.3975,0.1773,0.3567
186.427003,0.8262,-0.3993,0.1767,0.3560
186.437645,0.8256,-0.4012,0.1761,0.3553
186.446599,0.8251,-0.4033,0.1756,0.3544
186.457227,0.8246,-0.4054,0.1750,0.3535
186.467866,0.8242,-0.4075,0.1743,0.3524
186.476825,0.8237,-0.4099,0.1736,0.3511
186.487460,0.8232,-0.4123,0.1728,0.3498
186.496430,0.8228,-0.4149,0.1718,0.3483
186.507041,0.8223,-0.4175,0.1708,0.3467
186.517679,0.8219,-0.4202,0.1696,0.3450
186.526625,0.8215,-0.4229,0.1684,0.3433
186.537248,0.8214,-0.4254,0.1671,0.3414
186.546215,0.8212,-0.4276,0.1656,0.3394
186.556842,0.8212,-0.4300,0.1642,0.3374
186.567480,0.8210,-0.4323,0.1628,0.3353
186.576440,0.8209,-0.4348,0.1614,0.3331
186.587053,0.8207,-0.4374,0.1602,0.3309
186.596007,0.8204,-0.4399,0.1589,0.3287
186.606626,0.8202,-0.4424,0.1576,0.3266
186.617252,0.8199,-0.4451,0.1562,0.3245
186.626205,0.8195,-0.4477,0.1548,0.3225
186.636842,0.8190,-0.4504,0.1535,0.3205
186.647450,0.8185,-0.4531,0.1523,0.3185
186.656401,0.8181,-0.4556,0.1508,0.3167
186.667021,0.8177,-0.4581,0.1495,0.3148
186.675985,0.8173,-0.4606,0.1483,0.3128
186.686605,0.8168,-0.4631,0.1472,0.3110
186.697246,0.8163,-0.4656,0.1460,0.3090
186.706208,0.8158,-0.4681,0.1449,0.3071
186.716830,0.8152,-0.4707,0.1437,0.3052
186.725788,0.8146,-0.4733,0.1426,0.3033
186.736416,0.8140,-0.4758,0.1414,0.3015
186.747028,0.8135,-0.4783,0.1400,0.2997
186.756007,0.8129,-0.4808,0.1385,0.2980
186.766618,0.8123,-0.4834,0.1371,0.2962
186.775577,0.8115,-0.4860,0.1359,0.2944
186.786196,0.8108,-0.4888,0.1349,0.2924
186.796818,0.8099,-0.4915,0.1340,0.2905
186.805778,0.8092,-0.4943,0.1329,0.2885
186.816389,0.8085,-0.4968,0.1315,0.2866
186.827007,0.8079,-0.4995,0.1299,0.2846
186.835958,0.8073,-0.5019,0.1282,0.2826
186.846578,0.8068,-0.5043,0.1263,0.2806
186.855531,0.8063,-0.5068,0.1245,0.2785
186.866161,0.8058,-0.5092,0.1230,0.2763
186.876805,0.8052,-0.5115,0.1218,0.2740
186.885756,0.8045,-0.5140,0.1209,0.2717
186.896368,0.8037,-0.5167,0.1204,0.2693
186.905334,0.8028,-0.5193,0.1198,0.2672
186.915981,0.8019,-0.5221,0.1187,0.2651
186.926596,0.8011,-0.5247,0.1173,0.2630
186.935547,0.8004,-0.5271,0.1156,0.2610
186.946167,0.7998,-0.5294,0.1138,0.2590
186.955133,0.7993,-0.5314,0.1121,0.2570
186.965766,0.7989,-0.5334,0.1106,0.2550
186.976404,0.7985,-0.5353,0.1093,0.2528
186.985369,0.7980,-0.5373,0.1081,0.2504
186.995988,0.7976,-0.5393,0.1071,0.2480
187.004978,0.7971,-0.5414,0.1061,0.2455
187.015654,0.7964,-0.5436,0.1051,0.2431
187.026317,0.7957,-0.5459,0.1041,0.2409
187.035301,0.7949,-0.5481,0.1030,0.2390
187.045969,0.7941,-0.5504,0.1017,0.2371
187.054961,0.7932,-0.5527,0.1003,0.2350
187.065629,0.7925,-0.5547,0.0988,0.2335
187.076303,0.7917,-0.5566,0.0974,0.2320
187.085326,0.7910,-0.5586,0.0962,0.2303
187.095995,0.7902,-0.5605,0.0950,0.2287
187.104983,0.7895,-0.5624,0.0934,0.2273
187.115623,0.7888,-0.5642,0.0916,0.2258
187.126239,0.7882,-0.5660,0.0895,0.2244
187.135199,0.7876,-0.5677,0.0873,0.2231
187.145850,0.7869,-0.5695,0.0854,0.2217
187.154821,0.7863,-0.5711,0.0836,0.2204
187.165454,0.7856,-0.5728,0.0818,0.2191
187.176079,0.7849,-0.5745,0.0803,0.2177
187.185042,0.7842,-0.5762,0.0790,0.2161
187.195684,0.7835,-0.5779,0.0778,0.2147
187.204678,0.7827,-0.5797,0.0766,0.2133
187.215334,0.7819,-0.5813,0.0754,0.2120
187.225968,0.7812,-0.5829,0.0741,0.2107
187.234920,0.7806,-0.5845,0.0726,0.2094
187.245547,0.7799,-0.5859,0.0712,0.2082
187.254511,0.7794,-0.5873,0.0699,0.2070
187.265154,0.7787,-0.5886,0.0688,0.2058
187.275777,0.7780,-0.5901,0.0679,0.2047
187.284730,0.7773,-0.5916,0.0668,0.2036
187.295374,0.7766,-0.5930,0.0658,0.2026
187.304365,0.7758,-0.5944,0.0646,0.2016
187.315000,0.7751,-0.5958,0.0635,0.2006
187.325639,0.7744,-0.5972,0.0623,0.1996
187.334619,0.7737,-0.5985,0.0613,0.1987
187.345265,0.7729,-0.5998,0.0604,0.1978
187.354247,0.7722,-0.6012,0.0597,0.1968
187.364907,0.7714,-0.6026,0.0590,0.1960
187.375577,0.7704,-0.6041,0.0580,0.1953
187.384531,0.7695,-0.6055,0.0569,0.1947
187.395179,0.7687,-0.6069,0.0557,0.1940
187.404138,0.7678,-0.6083,0.0544,0.1933
187.414773,0.7671,-0.6097,0.0531,0.1925
187.425407,0.7664,-0.6109,0.0518,0.1918
187.434370,0.7656,-0.6122,0.0504,0.1910
187.444985,0.7649,-0.6135,0.0490,0.1901
187.453945,0.7643,-0.6147,0.0478,0.1890
187.464578,0.7637,-0.6160,0.0465,0.1877
187.475231,0.7631,-0.6171,0.0452,0.1863
187.484190,0.7626,-0.6183,0.0439,0.1849
187.494827,0.7619,-0.6198,0.0427,0.1831
187.503780,0.7613,-0.6212,0.0414,0.1813
187.514406,0.7607,-0.6224,0.0401,0.1794
187.525020,0.7603,-0.6236,0.0388,0.1774
187.534010,0.7600,-0.6247,0.0375,0.1754
187.544647,0.7597,-0.6257,0.0364,0.1735
187.553627,0.7594,-0.6265,0.0355,0.1717
187.564275,0.7591,-0.6274,0.0347,0.1700
187.574908,0.7587,-0.6283,0.0341,0.1685
187.583865,0.7582,-0.6293,0.0338,0.1671
187.594507,0.7576,-0.6304,0.0336,0.1657
187.603492,0.7570,-0.6315,0.0334,0.1644
187.614140,0.7562,-0.6328,0.0331,0.1631
187.624780,0.7556,-0.6339,0.0326,0.1619
187.633758,0.7548,-0.6351,0.0321,0.1607
187.644382,0.7541,-0.6362,0.0317,0.1597
187.653350,0.7534,-0.6373,0.0314,0.1588
187.663993,0.7528,-0.6382,0.0312,0.1579
187.674626,0.7522,-0.6392,0.0310,0.1571
187.683590,0.7516,-0.6400,0.0308,0.1564
187.694205,0.7510,-0.6409,0.0306,0.1558
187.703174,0.7504,-0.6418,0.0303,0.1552
187.713803,0.7498,-0.6428,0.0300,0.1542
187.724430,0.7490,-0.6439,0.0297,0.1533
187.733411,0.7483,-0.6449,0.0288,0.1529
187.744038,0.7477,-0.6457,0.0280,0.1521
187.753005,0.7473,-0.6465,0.0272,0.1511
187.763652,0.7467,-0.6474,0.0264,0.1502
187.774297,0.7462,-0.6482,0.0255,0.1495
187.783267,0.7458,-0.6489,0.0244,0.1488
187.793908,0.7454,-0.6495,0.0230,0.1482
187.802853,0.7451,-0.6501,0.0215,0.1476
187.813482,0.7447,-0.6507,0.0198,0.1470
187.824132,0.7443,-0.6513,0.0181,0.1464
187.833098,0.7440,-0.6520,0.0163,0.1456
187.843765,0.7437,-0.6526,0.0147,0.1445
187.852746,0.7433,-0.6533,0.0134,0.1433
187.863392,0.7430,-0.6540,0.0122,0.1418
187.874050,0.7427,-0.6547,0.0111,0.1402
187.883001,0.7423,-0.6555,0.0099,0.1387
187.893623,0.7418,-0.6562,0.0085,0.1374
187.902573,0.7414,-0.6571,0.0069,0.1360
187.913288,0.7409,-0.6579,0.0051,0.1348
187.923977,0.7404,-0.6588,0.0035,0.1337
187.932509,0.7396,-0.6598,0.0021,0.1326
187.942724,0.7389,-0.6609,0.0010,0.1315
187.953398,0.7382,-0.6619,-0.0001,0.1303
187.963611,0.7374,-0.6630,-0.0012,0.1290
187.973835,0.7366,-0.6641,-0.0023,0.1277
187.982396,0.7360,-0.6652,-0.0033,0.1263
187.992636,0.7352,-0.6662,-0.0043,0.1249
188.003353,0.7344,-0.6673,-0.0052,0.1235
188.012455,0.7336,-0.6685,-0.0062,0.1222
188.023204,0.7327,-0.6697,-0.0073,0.1209
188.032295,0.7318,-0.6709,-0.0086,0.1198
188.042971,0.7309,-0.6721,-0.0099,0.1184
188.053624,0.7300,-0.6732,-0.0111,0.1170
188.062621,0.7292,-0.6743,-0.0121,0.1155
188.073308,0.7284,-0.6755,-0.0132,0.1140
188.082351,0.7276,-0.6766,-0.0142,0.1124
188.093044,0.7269,-0.6776,-0.0153,0.1108
188.102084,0.7261,-0.6786,-0.0165,0.1091
188.112748,0.7254,-0.6797,-0.0178,0.1072
188.123427,0.7246,-0.6808,-0.0190,0.1053
188.132424,0.7239,-0.6818,-0.0202,0.1036
188.143057,0.7232,-0.6827,-0.0216,0.1021
188.152033,0.7226,-0.6835,-0.0232,0.1006
188.162677,0.7220,-0.6843,-0.0249,0.0994
188.173346,0.7214,-0.6851,-0.0265,0.0981
188.182331,0.7208,-0.6857,-0.0281,0.0970
188.193000,0.7203,-0.6864,-0.0297,0.0956
188.201997,0.7199,-0.6870,-0.0310,0.0939
188.212651,0.7196,-0.6874,-0.0322,0.0923
188.223299,0.7193,-0.6880,-0.0331,0.0907
188.232291,0.7189,-0.6885,-0.0339,0.0891
188.242939,0.7186,-0.6890,-0.0347,0.0876
188.251929,0.7183,-0.6894,-0.0358,0.0862
188.262585,0.7181,-0.6897,-0.0369,0.0851
188.271570,0.7180,-0.6899,-0.0381,0.0844
188.282217,0.7178,-0.6901,-0.0394,0.0836
188.292883,0.7177,-0.6902,-0.0406,0.0829
188.301849,0.7174,-0.6905,-0.0417,0.0822
188.312488,0.7172,-0.6907,-0.0427,0.0815
188.321462,0.7170,-0.6910,-0.0436,0.0811
188.332120,0.7169,-0.6911,-0.0445,0.0804
188.342747,0.7168,-0.6912,-0.0455,0.0799
188.351736,0.7167,-0.6912,-0.0466,0.0797
188.362394,0.7166,-0.6913,-0.0480,0.0797
188.371390,0.7162,-0.6915,-0.0497,0.0799
188.382061,0.7159,-0.6917,-0.0515,0.0799
188.392719,0.7157,-0.6918,-0.0533,0.0799
188.401720,0.7154,-0.6920,-0.0549,0.0796
188.412403,0.7152,-0.6922,-0.0560,0.0787
188.421409,0.7150,-0.6925,-0.0565,0.0775
188.432063,0.7148,-0.6929,-0.0566,0.0760
188.442705,0.7145,-0.6934,-0.0566,0.0746
188.451702,0.7142,-0.6938,-0.0566,0.0732
188.462357,0.7138,-0.6943,-0.0567,0.0721
188.471353,0.7133,-0.6949,-0.0569,0.0712
188.482016,0.7128,-0.6955,-0.0574,0.0706
188.491005,0.7123,-0.6959,-0.0580,0.0700
188.501650,0.7120,-0.6962,-0.0588,0.0696
188.512320,0.7119,-0.6964,-0.0594,0.0692
188.521314,0.7117,-0.6965,-0.0598,0.0686
188.531983,0.7116,-0.6967,-0.0599,0.0677
188.540999,0.7115,-0.6970,-0.0598,0.0670
188.551685,0.7113,-0.6972,-0.0598,0.0661
188.562366,0.7111,-0.6975,-0.0597,0.0654
188.571377,0.7109,-0.6978,-0.0596,0.0648
188.582051,0.7106,-0.6981,-0.0597,0.0645
188.591040,0.7103,-0.6984,-0.0598,0.0641
188.601704,0.7100,-0.6987,-0.0599,0.0640
188.610729,0.7098,-0.6989,-0.0603,0.0640
188.621368,0.7097,-0.6989,-0.0608,0.0643
188.632019,0.7097,-0.6989,-0.0613,0.0646
188.640996,0.7098,-0.6987,-0.0621,0.0651
188.651645,0.7098,-0.6986,-0.0628,0.0654
188.660624,0.7098,-0.6985,-0.0635,0.0659
188.671284,0.7097,-0.6984,-0.0645,0.0667
188.681944,0.7096,-0.6983,-0.0656,0.0677
188.690939,0.7094,-0.6982,-0.0671,0.0688
188.701584,0.7092,-0.6982,-0.0688,0.0700
188.710560,0.7090,-0.6980,-0.0704,0.0710
188.721234,0.7090,-0.6978,-0.0720,0.0717
188.731893,0.7090,-0.6977,-0.0733,0.0720
188.740907,0.7090,-0.6976,-0.0746,0.0718
188.751588,0.7092,-0.6973,-0.0751,0.0718
188.760589,0.7092,-0.6973,-0.0757,0.0717
188.771261,0.7090,-0.6974,-0.0764,0.0714
188.780266,0.7086,-0.6978,-0.0770,0.0709
188.790940,0.7084,-0.6979,-0.0775,0.0706
188.801599,0.7083,-0.6981,-0.0782,0.0703
188.810572,0.7080,-0.6983,-0.0792,0.0698
188.821210,0.7078,-0.6985,-0.0803,0.0693
188.830193,0.7076,-0.6985,-0.0814,0.0686
188.840845,0.7075,-0.6987,-0.0823,0.0679
188.851501,0.7073,-0.6989,-0.0831,0.0670
188.860490,0.7072,-0.6990,-0.0837,0.0660
188.871148,0.7070,-0.6991,-0.0844,0.0654
188.880140,0.7069,-0.6992,-0.0850,0.0648
188.890801,0.7069,-0.6992,-0.0855,0.0644
188.901454,0.7070,-0.6990,-0.0862,0.0642
188.910431,0.7069,-0.6990,-0.0869,0.0640
188.921099,0.7069,-0.6989,-0.0876,0.0639
188.930082,0.7069,-0.6989,-0.0886,0.0639
188.940731,0.7068,-0.6987,-0.0896,0.0638
188.951379,0.7068,-0.6985,-0.0907,0.0640
188.960343,0.7069,-0.6984,-0.0917,0.0644
188.971014,0.7069,-0.6982,-0.0926,0.0647
188.979993,0.7067,-0.6983,-0.0938,0.0651
188.990656,0.7066,-0.6981,-0.0947,0.0656
188.999640,0.7067,-0.6980,-0.0955,0.0660
189.010322,0.7065,-0.6979,-0.0963,0.0664
189.021006,0.7065,-0.6979,-0.0969,0.0667
189.030028,0.7065,-0.6978,-0.0974,0.0670
189.040728,0.7065,-0.6978,-0.0976,0.0670
189.049771,0.7065,-0.6977,-0.0976,0.0670
189.060478,0.7067,-0.6976,-0.0975,0.0670
189.069517,0.7067,-0.6975,-0.0975,0.0670
189.080209,0.7068,-0.6975,-0.0975,0.0669
189.090907,0.7068,-0.6974,-0.0975,0.0670
189.099942,0.7068,-0.6974,-0.0977,0.0669
189.110637,0.7068,-0.6974,-0.0978,0.0668
189.119635,0.7069,-0.6973,-0.0979,0.0667
189.130303,0.7070,-0.6971,-0.0981,0.0665
189.139279,0.7072,-0.6970,-0.0984,0.0662
189.149933,0.7073,-0.6970,-0.0983,0.0659
189.160598,0.7074,-0.6969,-0.0980,0.0654
189.169586,0.7076,-0.6968,-0.0975,0.0648
189.180241,0.7078,-0.6968,-0.0970,0.0642
189.189225,0.7078,-0.6968,-0.0966,0.0637
189.199881,0.7079,-0.6969,-0.0964,0.0633
189.210545,0.7078,-0.6970,-0.0963,0.0630
189.219534,0.7078,-0.6970,-0.0961,0.0627
189.230183,0.7078,-0.6971,-0.0960,0.0623
189.239169,0.7076,-0.6973,-0.0958,0.0620
189.249828,0.7075,-0.6975,-0.0955,0.0618
189.260491,0.7075,-0.6976,-0.0950,0.0617
189.269476,0.7075,-0.6977,-0.0946,0.0615
189.280133,0.7075,-0.6977,-0.0943,0.0612
189.289122,0.7076,-0.6977,-0.0940,0.0608
189.299801,0.7076,-0.6978,-0.0938,0.0602
189.308804,0.7076,-0.6979,-0.0933,0.0597
189.319491,0.7075,-0.6981,-0.0930,0.0591
189.330157,0.7073,-0.6983,-0.0927,0.0585
189.339156,0.7073,-0.6984,-0.0925,0.0580
189.349805,0.7073,-0.6984,-0.0923,0.0579
189.358797,0.7074,-0.6984,-0.0921,0.0578
189.369453,0.7075,-0.6984,-0.0918,0.0577
189.380123,0.7076,-0.6982,-0.0916,0.0577
189.389112,0.7077,-0.6982,-0.0914,0.0575
189.399767,0.7078,-0.6982,-0.0912,0.0573
189.408757,0.7079,-0.6981,-0.0911,0.0571
189.419399,0.7079,-0.6982,-0.0909,0.0568
189.430050,0.7078,-0.6983,-0.0907,0.0565
189.439038,0.7076,-0.6985,-0.0905,0.0560
189.449677,0.7075,-0.6987,-0.0905,0.0557
189.458660,0.7074,-0.6988,-0.0905,0.0554
189.469335,0.7073,-0.6989,-0.0906,0.0551
189.478309,0.7073,-0.6989,-0.0907,0.0549
189.488965,0.7073,-0.6989,-0.0907,0.0546
189.499611,0.7074,-0.6989,-0.0906,0.0543
189.508588,0.7075,-0.6988,-0.0906,0.0541
189.519234,0.7076,-0.6987,-0.0906,0.0539
189.528226,0.7076,-0.6987,-0.0906,0.0538
189.538888,0.7076,-0.6987,-0.0906,0.0536
189.549542,0.7075,-0.6988,-0.0905,0.0535
189.558527,0.7075,-0.6989,-0.0904,0.0533
189.569178,0.7075,-0.6989,-0.0903,0.0532
189.578152,0.7076,-0.6989,-0.0904,0.0530
189.588798,0.7076,-0.6987,-0.0904,0.0530
189.599470,0.7078,-0.6986,-0.0904,0.0529
189.608464,0.7079,-0.6985,-0.0905,0.0528
189.619115,0.7079,-0.6985,-0.0905,0.0529
189.628097,0.7079,-0.6984,-0.0904,0.0530
189.638760,0.7081,-0.6984,-0.0901,0.0532
189.649395,0.7081,-0.6983,-0.0897,0.0535
189.658369,0.7083,-0.6982,-0.0892,0.0538
189.669012,0.7083,-0.6982,-0.0888,0.0542
189.677975,0.7084,-0.6981,-0.0884,0.0547
189.688610,0.7085,-0.6980,-0.0878,0.0552
189.699265,0.7086,-0.6979,-0.0873,0.0558
189.708256,0.7088,-0.6978,-0.0869,0.0565
189.718909,0.7090,-0.6976,-0.0865,0.0574
189.727910,0.7091,-0.6974,-0.0862,0.0583
189.738575,0.7093,-0.6971,-0.0858,0.0591
189.749236,0.7096,-0.6968,-0.0854,0.0599
189.758233,0.7100,-0.6965,-0.0851,0.0605
189.768882,0.7103,-0.6960,-0.0848,0.0612
189.777848,0.7106,-0.6957,-0.0846,0.0619
189.788502,0.7110,-0.6953,-0.0846,0.0625
189.797463,0.7113,-0.6949,-0.0847,0.0630
189.808105,0.7114,-0.6947,-0.0846,0.0637
189.818758,0.7115,-0.6947,-0.0842,0.0644
189.827738,0.7115,-0.6946,-0.0837,0.0650
189.838384,0.7116,-0.6945,-0.0833,0.0656
189.847365,0.7118,-0.6943,-0.0829,0.0664
189.858015,0.7121,-0.6939,-0.0827,0.0672
189.868669,0.7126,-0.6934,-0.0825,0.0681
189.877649,0.7132,-0.6927,-0.0823,0.0690
189.888308,0.7139,-0.6920,-0.0822,0.0697
189.897301,0.7146,-0.6912,-0.0820,0.0702
189.907940,0.7154,-0.6903,-0.0818,0.0707
189.918597,0.7161,-0.6896,-0.0812,0.0712
189.927567,0.7165,-0.6892,-0.0804,0.0720
189.938222,0.7168,-0.6890,-0.0793,0.0726
189.947230,0.7171,-0.6887,-0.0781,0.0732
189.957888,0.7173,-0.6886,-0.0769,0.0739
189.968557,0.7174,-0.6885,-0.0756,0.0748
189.977540,0.7177,-0.6881,-0.0745,0.0759
189.988200,0.7183,-0.6876,-0.0734,0.0771
189.997196,0.7191,-0.6867,-0.0725,0.0783
190.007854,0.7200,-0.6857,-0.0718,0.0795
190.016919,0.7208,-0.6847,-0.0712,0.0808
190.027573,0.7216,-0.6837,-0.0710,0.0823
190.038256,0.7224,-0.6827,-0.0708,0.0835
190.047252,0.7233,-0.6817,-0.0704,0.0847
190.057926,0.7239,-0.6810,-0.0697,0.0857
190.066933,0.7242,-0.6807,-0.0685,0.0864
190.077594,0.7246,-0.6804,-0.0671,0.0868
190.088265,0.7249,-0.6802,-0.0654,0.0868
190.097272,0.7252,-0.6802,-0.0637,0.0867
190.107953,0.7253,-0.6801,-0.0620,0.0865
190.116911,0.7258,-0.6798,-0.0605,0.0861
190.127562,0.7265,-0.6792,-0.0592,0.0859
190.138233,0.7274,-0.6783,-0.0583,0.0861
190.147232,0.7282,-0.6774,-0.0575,0.0865
190.157886,0.7291,-0.6765,-0.0565,0.0871
190.166870,0.7299,-0.6756,-0.0556,0.0878
190.177531,0.7306,-0.6749,-0.0541,0.0886
190.186503,0.7311,-0.6744,-0.0524,0.0895
190.197158,0.7312,-0.6743,-0.0507,0.0902
190.207798,0.7313,-0.6743,-0.0489,0.0906
190.216786,0.7316,-0.6739,-0.0474,0.0912
190.227438,0.7322,-0.6733,-0.0464,0.0916
190.236429,0.7330,-0.6725,-0.0457,0.0917
190.247097,0.7336,-0.6718,-0.0452,0.0917
190.257755,0.7342,-0.6713,-0.0448,0.0914
190.266746,0.7348,-0.6707,-0.0446,0.0910
190.277384,0.7353,-0.6702,-0.0443,0.0908
190.286351,0.7355,-0.6699,-0.0437,0.0908
190.297013,0.7357,-0.6698,-0.0428,0.0910
190.307676,0.7358,-0.6697,-0.0417,0.0912
190.316658,0.7360,-0.6696,-0.0407,0.0912
190.327304,0.7362,-0.6694,-0.0398,0.0911
190.336309,0.7363,-0.6694,-0.0392,0.0911
190.346976,0.7361,-0.6694,-0.0389,0.0914
190.357646,0.7360,-0.6696,-0.0392,0.0920
190.366657,0.7355,-0.6699,-0.0396,0.0929
190.377335,0.7349,-0.6705,-0.0399,0.0937
190.386344,0.7341,-0.6712,-0.0402,0.0943
190.396977,0.7334,-0.6719,-0.0406,0.0945
190.405958,0.7327,-0.6727,-0.0412,0.0942
190.416611,0.7317,-0.6738,-0.0419,0.0938
190.427285,0.7306,-0.6751,-0.0426,0.0929
190.436263,0.7296,-0.6762,-0.0436,0.0922
190.446918,0.7288,-0.6771,-0.0451,0.0917
190.455907,0.7279,-0.6779,-0.0468,0.0917
190.466593,0.7271,-0.6787,-0.0485,0.0917
190.477264,0.7261,-0.6796,-0.0501,0.0916
190.486238,0.7252,-0.6805,-0.0514,0.0915
190.496878,0.7245,-0.6812,-0.0526,0.0912
190.505849,0.7238,-0.6819,-0.0536,0.0906
190.516497,0.7233,-0.6824,-0.0544,0.0900
190.527152,0.7230,-0.6827,-0.0552,0.0894
190.536118,0.7229,-0.6829,-0.0562,0.0886
190.546757,0.7229,-0.6830,-0.0571,0.0877
190.555748,0.7230,-0.6829,-0.0579,0.0864
190.566406,0.7233,-0.6828,-0.0589,0.0848
190.577052,0.7236,-0.6826,-0.0601,0.0833
190.586027,0.7238,-0.6824,-0.0613,0.0817
190.596670,0.7241,-0.6823,-0.0624,0.0801
190.605629,0.7244,-0.6820,-0.0633,0.0787
190.616279,0.7245,-0.6819,-0.0643,0.0774
190.625266,0.7245,-0.6819,-0.0655,0.0759
190.635918,0.7246,-0.6819,-0.0668,0.0739
190.646578,0.7245,-0.6823,-0.0679,0.0714
190.655566,0.7243,-0.6826,-0.0688,0.0688
190.666215,0.7241,-0.6830,-0.0693,0.0668
190.675194,0.7238,-0.6834,-0.0695,0.0648
190.685847,0.7238,-0.6837,-0.0698,0.0629
190.696508,0.7237,-0.6838,-0.0704,0.0615
190.705501,0.7234,-0.6841,-0.0709,0.0602
190.716156,0.7229,-0.6848,-0.0714,0.0588
190.725154,0.7225,-0.6852,-0.0720,0.0572
190.735815,0.7221,-0.6857,-0.0728,0.0553
190.746464,0.7215,-0.6865,-0.0733,0.0535
190.755449,0.7206,-0.6875,-0.0734,0.0519
190.766087,0.7197,-0.6886,-0.0732,0.0504
190.775064,0.7191,-0.6894,-0.0730,0.0488
190.785733,0.7186,-0.6899,-0.0731,0.0474
190.796390,0.7178,-0.6908,-0.0737,0.0458
190.805390,0.7170,-0.6917,-0.0749,0.0439
190.816065,0.7163,-0.6924,-0.0756,0.0425
190.825051,0.7155,-0.6932,-0.0765,0.0413
190.835706,0.7147,-0.6940,-0.0772,0.0397
190.844732,0.7141,-0.6946,-0.0775,0.0382
190.855394,0.7135,-0.6953,-0.0777,0.0369
190.866076,0.7129,-0.6960,-0.0779,0.0356
190.875079,0.7125,-0.6965,-0.0779,0.0344
190.885733,0.7121,-0.6970,-0.0778,0.0333
190.894739,0.7118,-0.6973,-0.0776,0.0323
190.905412,0.7115,-0.6977,-0.0775,0.0313
190.916078,0.7114,-0.6979,-0.0775,0.0307
190.925088,0.7112,-0.6979,-0.0778,0.0304
190.935758,0.7112,-0.6981,-0.0779,0.0300
190.944729,0.7109,-0.6982,-0.0781,0.0297
190.955388,0.7108,-0.6985,-0.0779,0.0291
190.964403,0.7104,-0.6989,-0.0777,0.0283
190.975064,0.7102,-0.6992,-0.0775,0.0272
190.985733,0.7100,-0.6995,-0.0775,0.0260
190.994737,0.7096,-0.6999,-0.0775,0.0246
191.005415,0.7090,-0.7005,-0.0775,0.0229
191.014441,0.7084,-0.7012,-0.0778,0.0212
191.025116,0.7078,-0.7018,-0.0780,0.0195
191.035805,0.7073,-0.7024,-0.0782,0.0181
191.044821,0.7068,-0.7028,-0.0782,0.0172
191.055503,0.7064,-0.7032,-0.0782,0.0164
191.064510,0.7059,-0.7038,-0.0782,0.0156
191.075209,0.7055,-0.7042,-0.0783,0.0148
191.084227,0.7050,-0.7047,-0.0785,0.0139
191.094910,0.7046,-0.7051,-0.0787,0.0129
191.105595,0.7042,-0.7055,-0.0788,0.0121
191.114578,0.7037,-0.7060,-0.0789,0.0112
191.125238,0.7032,-0.7065,-0.0789,0.0103
191.134214,0.7026,-0.7071,-0.0790,0.0095
191.144850,0.7020,-0.7078,-0.0791,0.0087
191.155501,0.7012,-0.7085,-0.0792,0.0082
191.164446,0.7004,-0.7092,-0.0793,0.0080
191.175083,0.6998,-0.7100,-0.0790,0.0082
191.184066,0.6992,-0.7106,-0.0784,0.0085
191.194703,0.6986,-0.7112,-0.0779,0.0089
191.205338,0.6981,-0.7117,-0.0772,0.0093
191.214306,0.6978,-0.7121,-0.0767,0.0098
191.224941,0.6977,-0.7123,-0.0761,0.0104
191.233937,0.6977,-0.7123,-0.0756,0.0107
191.244609,0.6978,-0.7123,-0.0751,0.0106
191.255279,0.6978,-0.7123,-0.0749,0.0102
191.264256,0.6980,-0.7122,-0.0747,0.0095
191.274911,0.6982,-0.7120,-0.0745,0.0090
191.283887,0.6983,-0.7119,-0.0742,0.0084
191.294510,0.6984,-0.7119,-0.0739,0.0079
191.305155,0.6984,-0.7119,-0.0737,0.0075
191.314211,0.6984,-0.7119,-0.0734,0.0073
191.324935,0.6984,-0.7119,-0.0730,0.0072
191.333988,0.6984,-0.7120,-0.0726,0.0071
191.344707,0.6984,-0.7120,-0.0723,0.0070
191.353762,0.6982,-0.7122,-0.0722,0.0068
191.364481,0.6982,-0.7122,-0.0721,0.0067
191.373526,0.6982,-0.7123,-0.0722,0.0065
191.384239,0.6981,-0.7123,-0.0724,0.0062
191.393274,0.6978,-0.7125,-0.0728,0.0057
191.404007,0.6976,-0.7128,-0.0731,0.0052
191.414742,0.6973,-0.7130,-0.0735,0.0046
